case,rows,sample,iterations,ns
selected_valid_c0_plain,0,0,8192,481.974
selected_valid_c0_plain,0,1,8192,476.237
selected_valid_c0_plain,0,2,8192,485.799
selected_valid_c0_plain,0,3,8192,477.453
selected_valid_c0_plain,0,4,8192,482.864
selected_valid_c0_plain,0,5,8192,476.954
selected_valid_c0_plain,0,6,8192,476.120
selected_valid_c0_plain,0,7,8192,473.943
selected_valid_c0_plain,0,8,8192,482.356
selected_valid_c0_plain,0,9,8192,467.056
selected_valid_c0_plain,0,10,8192,470.495
selected_valid_c0_plain,0,11,8192,477.809
selected_valid_c0_multi,0,0,4096,480.154
selected_valid_c0_multi,0,1,4096,473.969
selected_valid_c0_multi,0,2,4096,475.769
selected_valid_c0_multi,0,3,4096,470.103
selected_valid_c0_multi,0,4,4096,471.059
selected_valid_c0_multi,0,5,4096,472.026
selected_valid_c0_multi,0,6,4096,471.141
selected_valid_c0_multi,0,7,4096,471.975
selected_valid_c0_multi,0,8,4096,489.197
selected_valid_c0_multi,0,9,4096,468.781
selected_valid_c0_multi,0,10,4096,473.328
selected_valid_c0_multi,0,11,4096,473.643
selected_filtered_c0_plain,0,0,8192,473.643
selected_filtered_c0_plain,0,1,8192,473.470
selected_filtered_c0_plain,0,2,8192,471.853
selected_filtered_c0_plain,0,3,8192,469.752
selected_filtered_c0_plain,0,4,8192,472.015
selected_filtered_c0_plain,0,5,8192,470.373
selected_filtered_c0_plain,0,6,8192,470.347
selected_filtered_c0_plain,0,7,8192,474.050
selected_filtered_c0_plain,0,8,8192,470.322
selected_filtered_c0_plain,0,9,8192,469.940
selected_filtered_c0_plain,0,10,8192,471.741
selected_filtered_c0_plain,0,11,8192,470.037
selected_filtered_c0_multi,0,0,8192,470.754
selected_filtered_c0_multi,0,1,8192,470.357
selected_filtered_c0_multi,0,2,8192,474.660
selected_filtered_c0_multi,0,3,8192,471.375
selected_filtered_c0_multi,0,4,8192,473.282
selected_filtered_c0_multi,0,5,8192,480.642
selected_filtered_c0_multi,0,6,8192,470.749
selected_filtered_c0_multi,0,7,8192,470.800
selected_filtered_c0_multi,0,8,8192,471.461
selected_filtered_c0_multi,0,9,8192,470.347
selected_filtered_c0_multi,0,10,8192,475.606
selected_filtered_c0_multi,0,11,8192,476.237
selected_valid_c1_plain,0,0,4096,629.425
selected_valid_c1_plain,0,1,4096,634.796
selected_valid_c1_plain,0,2,4096,629.964
selected_valid_c1_plain,0,3,4096,632.426
selected_valid_c1_plain,0,4,4096,630.829
selected_valid_c1_plain,0,5,4096,630.341
selected_valid_c1_plain,0,6,4096,629.415
selected_valid_c1_plain,0,7,4096,629.750
selected_valid_c1_plain,0,8,4096,630.452
selected_valid_c1_plain,0,9,4096,639.608
selected_valid_c1_plain,0,10,4096,630.534
selected_valid_c1_plain,0,11,4096,629.415
selected_valid_c1_multi,0,0,4096,639.008
selected_valid_c1_multi,0,1,4096,632.222
selected_valid_c1_multi,0,2,4096,629.781
selected_valid_c1_multi,0,3,4096,630.259
selected_valid_c1_multi,0,4,4096,630.788
selected_valid_c1_multi,0,5,4096,630.493
selected_valid_c1_multi,0,6,4096,629.771
selected_valid_c1_multi,0,7,4096,628.560
selected_valid_c1_multi,0,8,4096,637.624
selected_valid_c1_multi,0,9,4096,628.896
selected_valid_c1_multi,0,10,4096,629.160
selected_valid_c1_multi,0,11,4096,629.191
selected_filtered_c1_plain,0,0,4096,627.686
selected_filtered_c1_plain,0,1,4096,630.035
selected_filtered_c1_plain,0,2,4096,629.344
selected_filtered_c1_plain,0,3,4096,632.456
selected_filtered_c1_plain,0,4,4096,628.520
selected_filtered_c1_plain,0,5,4096,627.167
selected_filtered_c1_plain,0,6,4096,628.093
selected_filtered_c1_plain,0,7,4096,638.926
selected_filtered_c1_plain,0,8,4096,637.889
selected_filtered_c1_plain,0,9,4096,634.318
selected_filtered_c1_plain,0,10,4096,628.713
selected_filtered_c1_plain,0,11,4096,628.184
selected_filtered_c1_multi,0,0,4096,631.022
selected_filtered_c1_multi,0,1,4096,630.269
selected_filtered_c1_multi,0,2,4096,635.112
selected_filtered_c1_multi,0,3,4096,633.982
selected_filtered_c1_multi,0,4,4096,626.912
selected_filtered_c1_multi,0,5,4096,631.368
selected_filtered_c1_multi,0,6,4096,641.337
selected_filtered_c1_multi,0,7,4096,655.589
selected_filtered_c1_multi,0,8,4096,631.876
selected_filtered_c1_multi,0,9,4096,630.808
selected_filtered_c1_multi,0,10,4096,632.812
selected_filtered_c1_multi,0,11,4096,631.297
selected_valid_c2_plain,0,0,4096,631.246
selected_valid_c2_plain,0,1,4096,632.446
selected_valid_c2_plain,0,2,4096,631.754
selected_valid_c2_plain,0,3,4096,631.429
selected_valid_c2_plain,0,4,4096,631.246
selected_valid_c2_plain,0,5,4096,638.947
selected_valid_c2_plain,0,6,4096,630.280
selected_valid_c2_plain,0,7,4096,632.375
selected_valid_c2_plain,0,8,4096,633.545
selected_valid_c2_plain,0,9,4096,631.053
selected_valid_c2_plain,0,10,4096,635.498
selected_valid_c2_plain,0,11,4096,632.263
selected_valid_c2_multi,0,0,4096,632.985
selected_valid_c2_multi,0,1,4096,632.935
selected_valid_c2_multi,0,2,4096,631.053
selected_valid_c2_multi,0,3,4096,631.165
selected_valid_c2_multi,0,4,4096,637.624
selected_valid_c2_multi,0,5,4096,631.409
selected_valid_c2_multi,0,6,4096,631.775
selected_valid_c2_multi,0,7,4096,630.951
selected_valid_c2_multi,0,8,4096,636.047
selected_valid_c2_multi,0,9,4096,631.968
selected_valid_c2_multi,0,10,4096,631.683
selected_valid_c2_multi,0,11,4096,630.971
selected_filtered_c2_plain,0,0,4096,630.595
selected_filtered_c2_plain,0,1,4096,630.086
selected_filtered_c2_plain,0,2,4096,629.028
selected_filtered_c2_plain,0,3,4096,638.529
selected_filtered_c2_plain,0,4,4096,628.550
selected_filtered_c2_plain,0,5,4096,629.099
selected_filtered_c2_plain,0,6,4096,630.310
selected_filtered_c2_plain,0,7,4096,630.544
selected_filtered_c2_plain,0,8,4096,632.680
selected_filtered_c2_plain,0,9,4096,632.823
selected_filtered_c2_plain,0,10,4096,630.910
selected_filtered_c2_plain,0,11,4096,630.422
selected_filtered_c2_multi,0,0,4096,632.344
selected_filtered_c2_multi,0,1,4096,640.493
selected_filtered_c2_multi,0,2,4096,634.023
selected_filtered_c2_multi,0,3,4096,641.937
selected_filtered_c2_multi,0,4,4096,635.488
selected_filtered_c2_multi,0,5,4096,641.551
selected_filtered_c2_multi,0,6,4096,637.024
selected_filtered_c2_multi,0,7,4096,668.864
selected_filtered_c2_multi,0,8,4096,634.094
selected_filtered_c2_multi,0,9,4096,635.600
selected_filtered_c2_multi,0,10,4096,634.877
selected_filtered_c2_multi,0,11,4096,646.057
selected_valid_c0_plain,1,0,16384,163.831
selected_valid_c0_plain,1,1,16384,166.377
selected_valid_c0_plain,1,2,16384,164.355
selected_valid_c0_plain,1,3,16384,164.622
selected_valid_c0_plain,1,4,16384,164.518
selected_valid_c0_plain,1,5,16384,164.576
selected_valid_c0_plain,1,6,16384,165.105
selected_valid_c0_plain,1,7,16384,164.416
selected_valid_c0_plain,1,8,16384,164.843
selected_valid_c0_plain,1,9,16384,164.795
selected_valid_c0_plain,1,10,16384,164.757
selected_valid_c0_plain,1,11,16384,163.333
selected_valid_c0_multi,1,0,16384,166.494
selected_valid_c0_multi,1,1,16384,164.337
selected_valid_c0_multi,1,2,16384,164.431
selected_valid_c0_multi,1,3,16384,163.376
selected_valid_c0_multi,1,4,16384,164.963
selected_valid_c0_multi,1,5,16384,164.617
selected_valid_c0_multi,1,6,16384,164.665
selected_valid_c0_multi,1,7,16384,164.726
selected_valid_c0_multi,1,8,16384,163.165
selected_valid_c0_multi,1,9,16384,164.307
selected_valid_c0_multi,1,10,16384,163.195
selected_valid_c0_multi,1,11,16384,164.297
selected_filtered_c0_plain,1,0,16384,163.892
selected_filtered_c0_plain,1,1,16384,164.029
selected_filtered_c0_plain,1,2,16384,165.120
selected_filtered_c0_plain,1,3,16384,164.299
selected_filtered_c0_plain,1,4,16384,163.521
selected_filtered_c0_plain,1,5,16384,163.114
selected_filtered_c0_plain,1,6,16384,163.472
selected_filtered_c0_plain,1,7,16384,163.785
selected_filtered_c0_plain,1,8,16384,163.350
selected_filtered_c0_plain,1,9,16384,163.694
selected_filtered_c0_plain,1,10,16384,163.106
selected_filtered_c0_plain,1,11,16384,165.370
selected_filtered_c0_multi,1,0,16384,165.426
selected_filtered_c0_multi,1,1,16384,166.000
selected_filtered_c0_multi,1,2,16384,166.438
selected_filtered_c0_multi,1,3,16384,165.667
selected_filtered_c0_multi,1,4,16384,167.315
selected_filtered_c0_multi,1,5,16384,166.590
selected_filtered_c0_multi,1,6,16384,165.352
selected_filtered_c0_multi,1,7,16384,167.246
selected_filtered_c0_multi,1,8,16384,165.682
selected_filtered_c0_multi,1,9,16384,167.104
selected_filtered_c0_multi,1,10,16384,173.365
selected_filtered_c0_multi,1,11,16384,165.962
selected_valid_c1_plain,1,0,16384,163.417
selected_valid_c1_plain,1,1,16384,162.806
selected_valid_c1_plain,1,2,16384,163.829
selected_valid_c1_plain,1,3,16384,163.396
selected_valid_c1_plain,1,4,16384,162.689
selected_valid_c1_plain,1,5,16384,162.931
selected_valid_c1_plain,1,6,16384,162.626
selected_valid_c1_plain,1,7,16384,162.824
selected_valid_c1_plain,1,8,16384,164.803
selected_valid_c1_plain,1,9,16384,164.942
selected_valid_c1_plain,1,10,16384,162.582
selected_valid_c1_plain,1,11,16384,162.773
selected_valid_c1_multi,1,0,16384,161.972
selected_valid_c1_multi,1,1,16384,161.827
selected_valid_c1_multi,1,2,16384,162.308
selected_valid_c1_multi,1,3,16384,162.158
selected_valid_c1_multi,1,4,16384,161.855
selected_valid_c1_multi,1,5,16384,162.323
selected_valid_c1_multi,1,6,16384,162.140
selected_valid_c1_multi,1,7,16384,163.218
selected_valid_c1_multi,1,8,16384,161.908
selected_valid_c1_multi,1,9,16384,161.779
selected_valid_c1_multi,1,10,16384,161.865
selected_valid_c1_multi,1,11,16384,162.328
selected_filtered_c1_plain,1,0,16384,162.860
selected_filtered_c1_plain,1,1,16384,162.252
selected_filtered_c1_plain,1,2,16384,162.977
selected_filtered_c1_plain,1,3,16384,162.150
selected_filtered_c1_plain,1,4,16384,161.748
selected_filtered_c1_plain,1,5,16384,163.493
selected_filtered_c1_plain,1,6,16384,161.471
selected_filtered_c1_plain,1,7,16384,163.267
selected_filtered_c1_plain,1,8,16384,160.596
selected_filtered_c1_plain,1,9,16384,161.265
selected_filtered_c1_plain,1,10,16384,162.552
selected_filtered_c1_plain,1,11,16384,161.316
selected_filtered_c1_multi,1,0,16384,162.206
selected_filtered_c1_multi,1,1,16384,162.463
selected_filtered_c1_multi,1,2,16384,162.468
selected_filtered_c1_multi,1,3,16384,162.580
selected_filtered_c1_multi,1,4,16384,164.436
selected_filtered_c1_multi,1,5,16384,162.191
selected_filtered_c1_multi,1,6,16384,163.610
selected_filtered_c1_multi,1,7,16384,162.290
selected_filtered_c1_multi,1,8,16384,168.640
selected_filtered_c1_multi,1,9,16384,163.633
selected_filtered_c1_multi,1,10,16384,162.328
selected_filtered_c1_multi,1,11,16384,162.247
selected_valid_c2_plain,1,0,16384,164.487
selected_valid_c2_plain,1,1,16384,164.831
selected_valid_c2_plain,1,2,16384,166.870
selected_valid_c2_plain,1,3,16384,165.362
selected_valid_c2_plain,1,4,16384,164.986
selected_valid_c2_plain,1,5,16384,164.416
selected_valid_c2_plain,1,6,16384,166.321
selected_valid_c2_plain,1,7,16384,163.516
selected_valid_c2_plain,1,8,16384,164.368
selected_valid_c2_plain,1,9,16384,164.897
selected_valid_c2_plain,1,10,16384,164.759
selected_valid_c2_plain,1,11,16384,163.455
selected_valid_c2_multi,1,0,16384,165.344
selected_valid_c2_multi,1,1,16384,163.030
selected_valid_c2_multi,1,2,16384,164.286
selected_valid_c2_multi,1,3,16384,163.195
selected_valid_c2_multi,1,4,16384,163.139
selected_valid_c2_multi,1,5,16384,164.497
selected_valid_c2_multi,1,6,16384,162.565
selected_valid_c2_multi,1,7,16384,165.118
selected_valid_c2_multi,1,8,16384,165.929
selected_valid_c2_multi,1,9,16384,164.129
selected_valid_c2_multi,1,10,16384,165.764
selected_valid_c2_multi,1,11,16384,162.768
selected_filtered_c2_plain,1,0,16384,164.398
selected_filtered_c2_plain,1,1,16384,163.933
selected_filtered_c2_plain,1,2,16384,163.251
selected_filtered_c2_plain,1,3,16384,163.673
selected_filtered_c2_plain,1,4,16384,164.436
selected_filtered_c2_plain,1,5,16384,162.089
selected_filtered_c2_plain,1,6,16384,163.338
selected_filtered_c2_plain,1,7,16384,163.541
selected_filtered_c2_plain,1,8,16384,163.244
selected_filtered_c2_plain,1,9,16384,163.465
selected_filtered_c2_plain,1,10,16384,165.187
selected_filtered_c2_plain,1,11,16384,163.534
selected_filtered_c2_multi,1,0,16384,167.824
selected_filtered_c2_multi,1,1,16384,165.314
selected_filtered_c2_multi,1,2,16384,168.706
selected_filtered_c2_multi,1,3,16384,166.746
selected_filtered_c2_multi,1,4,16384,165.517
selected_filtered_c2_multi,1,5,16384,165.212
selected_filtered_c2_multi,1,6,16384,166.300
selected_filtered_c2_multi,1,7,16384,165.034
selected_filtered_c2_multi,1,8,16384,165.011
selected_filtered_c2_multi,1,9,16384,165.298
selected_filtered_c2_multi,1,10,16384,169.622
selected_filtered_c2_multi,1,11,16384,169.942
selected_valid_c0_plain,64,0,4096,672.353
selected_valid_c0_plain,64,1,4096,670.176
selected_valid_c0_plain,64,2,4096,666.880
selected_valid_c0_plain,64,3,4096,667.826
selected_valid_c0_plain,64,4,4096,666.514
selected_valid_c0_plain,64,5,4096,664.897
selected_valid_c0_plain,64,6,4096,666.158
selected_valid_c0_plain,64,7,4096,664.836
selected_valid_c0_plain,64,8,4096,674.622
selected_valid_c0_plain,64,9,4096,666.829
selected_valid_c0_plain,64,10,4096,667.125
selected_valid_c0_plain,64,11,4096,666.209
selected_valid_c0_multi,64,0,4096,676.137
selected_valid_c0_multi,64,1,4096,677.785
selected_valid_c0_multi,64,2,4096,674.845
selected_valid_c0_multi,64,3,4096,675.883
selected_valid_c0_multi,64,4,4096,675.812
selected_valid_c0_multi,64,5,4096,676.076
selected_valid_c0_multi,64,6,4096,676.666
selected_valid_c0_multi,64,7,4096,681.763
selected_valid_c0_multi,64,8,4096,677.877
selected_valid_c0_multi,64,9,4096,677.256
selected_valid_c0_multi,64,10,4096,677.104
selected_valid_c0_multi,64,11,4096,679.626
selected_filtered_c0_plain,64,0,2048,1740.397
selected_filtered_c0_plain,64,1,2048,1737.630
selected_filtered_c0_plain,64,2,2048,1816.935
selected_filtered_c0_plain,64,3,2048,1780.416
selected_filtered_c0_plain,64,4,2048,1721.863
selected_filtered_c0_plain,64,5,2048,1832.458
selected_filtered_c0_plain,64,6,2048,1747.945
selected_filtered_c0_plain,64,7,2048,1722.493
selected_filtered_c0_plain,64,8,2048,1739.950
selected_filtered_c0_plain,64,9,2048,1826.660
selected_filtered_c0_plain,64,10,2048,1740.845
selected_filtered_c0_plain,64,11,2048,1726.562
selected_filtered_c0_multi,64,0,1024,1759.848
selected_filtered_c0_multi,64,1,1024,1740.234
selected_filtered_c0_multi,64,2,1024,1790.934
selected_filtered_c0_multi,64,3,1024,1776.123
selected_filtered_c0_multi,64,4,1024,1754.477
selected_filtered_c0_multi,64,5,1024,1750.692
selected_filtered_c0_multi,64,6,1024,1774.496
selected_filtered_c0_multi,64,7,1024,1757.609
selected_filtered_c0_multi,64,8,1024,1743.123
selected_filtered_c0_multi,64,9,1024,1747.030
selected_filtered_c0_multi,64,10,1024,1740.642
selected_filtered_c0_multi,64,11,1024,1752.319
selected_valid_c1_plain,64,0,4096,659.139
selected_valid_c1_plain,64,1,4096,668.264
selected_valid_c1_plain,64,2,4096,661.021
selected_valid_c1_plain,64,3,4096,661.967
selected_valid_c1_plain,64,4,4096,661.469
selected_valid_c1_plain,64,5,4096,658.508
selected_valid_c1_plain,64,6,4096,659.230
selected_valid_c1_plain,64,7,4096,655.762
selected_valid_c1_plain,64,8,4096,656.270
selected_valid_c1_plain,64,9,4096,656.606
selected_valid_c1_plain,64,10,4096,659.892
selected_valid_c1_plain,64,11,4096,656.881
selected_valid_c1_multi,64,0,4096,663.035
selected_valid_c1_multi,64,1,4096,657.562
selected_valid_c1_multi,64,2,4096,658.895
selected_valid_c1_multi,64,3,4096,657.166
selected_valid_c1_multi,64,4,4096,658.630
selected_valid_c1_multi,64,5,4096,659.353
selected_valid_c1_multi,64,6,4096,656.250
selected_valid_c1_multi,64,7,4096,657.023
selected_valid_c1_multi,64,8,4096,657.369
selected_valid_c1_multi,64,9,4096,658.600
selected_valid_c1_multi,64,10,4096,656.403
selected_valid_c1_multi,64,11,4096,656.453
selected_filtered_c1_plain,64,0,2048,1522.868
selected_filtered_c1_plain,64,1,2048,1521.891
selected_filtered_c1_plain,64,2,2048,1529.195
selected_filtered_c1_plain,64,3,2048,1520.854
selected_filtered_c1_plain,64,4,2048,1519.531
selected_filtered_c1_plain,64,5,2048,1525.045
selected_filtered_c1_plain,64,6,2048,1517.985
selected_filtered_c1_plain,64,7,2048,1519.470
selected_filtered_c1_plain,64,8,2048,1517.537
selected_filtered_c1_plain,64,9,2048,1528.503
selected_filtered_c1_plain,64,10,2048,1525.411
selected_filtered_c1_plain,64,11,2048,1560.730
selected_filtered_c1_multi,64,0,2048,1537.415
selected_filtered_c1_multi,64,1,2048,1531.006
selected_filtered_c1_multi,64,2,2048,1542.216
selected_filtered_c1_multi,64,3,2048,1530.334
selected_filtered_c1_multi,64,4,2048,1531.474
selected_filtered_c1_multi,64,5,2048,1558.126
selected_filtered_c1_multi,64,6,2048,1556.519
selected_filtered_c1_multi,64,7,2048,1532.063
selected_filtered_c1_multi,64,8,2048,1531.372
selected_filtered_c1_multi,64,9,2048,1528.544
selected_filtered_c1_multi,64,10,2048,1535.645
selected_filtered_c1_multi,64,11,2048,1528.951
selected_valid_c2_plain,64,0,4096,670.776
selected_valid_c2_plain,64,1,4096,661.987
selected_valid_c2_plain,64,2,4096,661.723
selected_valid_c2_plain,64,3,4096,667.186
selected_valid_c2_plain,64,4,4096,661.438
selected_valid_c2_plain,64,5,4096,661.041
selected_valid_c2_plain,64,6,4096,664.612
selected_valid_c2_plain,64,7,4096,661.316
selected_valid_c2_plain,64,8,4096,662.689
selected_valid_c2_plain,64,9,4096,660.645
selected_valid_c2_plain,64,10,4096,659.892
selected_valid_c2_plain,64,11,4096,661.855
selected_valid_c2_multi,64,0,4096,671.326
selected_valid_c2_multi,64,1,4096,674.347
selected_valid_c2_multi,64,2,4096,672.668
selected_valid_c2_multi,64,3,4096,671.021
selected_valid_c2_multi,64,4,4096,669.047
selected_valid_c2_multi,64,5,4096,670.563
selected_valid_c2_multi,64,6,4096,672.424
selected_valid_c2_multi,64,7,4096,672.465
selected_valid_c2_multi,64,8,4096,670.166
selected_valid_c2_multi,64,9,4096,670.644
selected_valid_c2_multi,64,10,4096,669.067
selected_valid_c2_multi,64,11,4096,675.018
selected_filtered_c2_plain,64,0,2048,1538.798
selected_filtered_c2_plain,64,1,2048,1528.605
selected_filtered_c2_plain,64,2,2048,1532.674
selected_filtered_c2_plain,64,3,2048,1529.398
selected_filtered_c2_plain,64,4,2048,1522.807
selected_filtered_c2_plain,64,5,2048,1521.749
selected_filtered_c2_plain,64,6,2048,1517.151
selected_filtered_c2_plain,64,7,2048,1523.275
selected_filtered_c2_plain,64,8,2048,1519.083
selected_filtered_c2_plain,64,9,2048,1519.572
selected_filtered_c2_plain,64,10,2048,1534.078
selected_filtered_c2_plain,64,11,2048,1523.783
selected_filtered_c2_multi,64,0,2048,1582.356
selected_filtered_c2_multi,64,1,2048,1543.701
selected_filtered_c2_multi,64,2,2048,1537.292
selected_filtered_c2_multi,64,3,2048,1534.973
selected_filtered_c2_multi,64,4,2048,1533.956
selected_filtered_c2_multi,64,5,2048,1534.403
selected_filtered_c2_multi,64,6,2048,1532.410
selected_filtered_c2_multi,64,7,2048,1541.321
selected_filtered_c2_multi,64,8,2048,1523.682
selected_filtered_c2_multi,64,9,2048,1527.262
selected_filtered_c2_multi,64,10,2048,1525.899
selected_filtered_c2_multi,64,11,2048,1534.017
selected_valid_c0_plain,1024,0,2048,1571.065
selected_valid_c0_plain,1024,1,2048,1573.161
selected_valid_c0_plain,1024,2,2048,1568.400
selected_valid_c0_plain,1024,3,2048,1570.943
selected_valid_c0_plain,1024,4,2048,1458.394
selected_valid_c0_plain,1024,5,2048,1429.932
selected_valid_c0_plain,1024,6,2048,1427.389
selected_valid_c0_plain,1024,7,2048,1429.138
selected_valid_c0_plain,1024,8,2048,1452.454
selected_valid_c0_plain,1024,9,2048,1427.022
selected_valid_c0_plain,1024,10,2048,1426.249
selected_valid_c0_plain,1024,11,2048,1427.144
selected_valid_c0_multi,1024,0,2048,1570.353
selected_valid_c0_multi,1024,1,2048,1588.867
selected_valid_c0_multi,1024,2,2048,1564.127
selected_valid_c0_multi,1024,3,2048,1567.241
selected_valid_c0_multi,1024,4,2048,1573.751
selected_valid_c0_multi,1024,5,2048,1564.392
selected_valid_c0_multi,1024,6,2048,1566.996
selected_valid_c0_multi,1024,7,2048,1567.423
selected_valid_c0_multi,1024,8,2048,1563.944
selected_valid_c0_multi,1024,9,2048,1567.749
selected_valid_c0_multi,1024,10,2048,1569.295
selected_valid_c0_multi,1024,11,2048,1581.156
selected_filtered_c0_plain,1024,0,1024,3038.371
selected_filtered_c0_plain,1024,1,1024,3048.544
selected_filtered_c0_plain,1024,2,1024,3028.605
selected_filtered_c0_plain,1024,3,1024,3039.389
selected_filtered_c0_plain,1024,4,1024,3070.395
selected_filtered_c0_plain,1024,5,1024,3029.378
selected_filtered_c0_plain,1024,6,1024,3034.058
selected_filtered_c0_plain,1024,7,1024,3056.885
selected_filtered_c0_plain,1024,8,1024,3160.686
selected_filtered_c0_plain,1024,9,1024,3032.959
selected_filtered_c0_plain,1024,10,1024,3027.181
selected_filtered_c0_plain,1024,11,1024,3034.261
selected_filtered_c0_multi,1024,0,1024,3033.081
selected_filtered_c0_multi,1024,1,1024,3034.221
selected_filtered_c0_multi,1024,2,1024,3036.295
selected_filtered_c0_multi,1024,3,1024,3036.905
selected_filtered_c0_multi,1024,4,1024,3011.800
selected_filtered_c0_multi,1024,5,1024,3061.442
selected_filtered_c0_multi,1024,6,1024,3022.176
selected_filtered_c0_multi,1024,7,1024,3023.600
selected_filtered_c0_multi,1024,8,1024,3034.343
selected_filtered_c0_multi,1024,9,1024,3013.184
selected_filtered_c0_multi,1024,10,1024,3012.369
selected_filtered_c0_multi,1024,11,1024,3021.077
selected_valid_c1_plain,1024,0,2048,1358.358
selected_valid_c1_plain,1024,1,2048,1357.890
selected_valid_c1_plain,1024,2,2048,1377.136
selected_valid_c1_plain,1024,3,2048,1359.700
selected_valid_c1_plain,1024,4,2048,1320.068
selected_valid_c1_plain,1024,5,2048,1316.304
selected_valid_c1_plain,1024,6,2048,1324.036
selected_valid_c1_plain,1024,7,2048,1318.970
selected_valid_c1_plain,1024,8,2048,1316.427
selected_valid_c1_plain,1024,9,2048,1316.895
selected_valid_c1_plain,1024,10,2048,1317.708
selected_valid_c1_plain,1024,11,2048,1316.162
selected_valid_c1_multi,1024,0,2048,1353.923
selected_valid_c1_multi,1024,1,2048,1337.972
selected_valid_c1_multi,1024,2,2048,1337.891
selected_valid_c1_multi,1024,3,2048,1340.067
selected_valid_c1_multi,1024,4,2048,1342.021
selected_valid_c1_multi,1024,5,2048,1343.872
selected_valid_c1_multi,1024,6,2048,1343.221
selected_valid_c1_multi,1024,7,2048,1337.830
selected_valid_c1_multi,1024,8,2048,1339.132
selected_valid_c1_multi,1024,9,2048,1339.457
selected_valid_c1_multi,1024,10,2048,1367.147
selected_valid_c1_multi,1024,11,2048,1355.000
selected_filtered_c1_plain,1024,0,1024,2526.245
selected_filtered_c1_plain,1024,1,1024,2513.794
selected_filtered_c1_plain,1024,2,1024,2526.001
selected_filtered_c1_plain,1024,3,1024,2629.354
selected_filtered_c1_plain,1024,4,1024,2542.684
selected_filtered_c1_plain,1024,5,1024,2534.952
selected_filtered_c1_plain,1024,6,1024,2525.716
selected_filtered_c1_plain,1024,7,1024,2540.243
selected_filtered_c1_plain,1024,8,1024,2527.304
selected_filtered_c1_plain,1024,9,1024,2526.408
selected_filtered_c1_plain,1024,10,1024,2523.601
selected_filtered_c1_plain,1024,11,1024,2527.385
selected_filtered_c1_multi,1024,0,1024,2526.205
selected_filtered_c1_multi,1024,1,1024,2513.428
selected_filtered_c1_multi,1024,2,1024,2519.043
selected_filtered_c1_multi,1024,3,1024,2508.017
selected_filtered_c1_multi,1024,4,1024,2512.492
selected_filtered_c1_multi,1024,5,1024,2510.986
selected_filtered_c1_multi,1024,6,1024,2513.550
selected_filtered_c1_multi,1024,7,1024,2507.446
selected_filtered_c1_multi,1024,8,1024,2519.165
selected_filtered_c1_multi,1024,9,1024,2512.125
selected_filtered_c1_multi,1024,10,1024,2512.004
selected_filtered_c1_multi,1024,11,1024,2537.149
selected_valid_c2_plain,1024,0,2048,1424.784
selected_valid_c2_plain,1024,1,2048,1431.213
selected_valid_c2_plain,1024,2,2048,1422.852
selected_valid_c2_plain,1024,3,2048,1421.793
selected_valid_c2_plain,1024,4,2048,1422.465
selected_valid_c2_plain,1024,5,2048,1423.584
selected_valid_c2_plain,1024,6,2048,1422.913
selected_valid_c2_plain,1024,7,2048,1421.468
selected_valid_c2_plain,1024,8,2048,1439.046
selected_valid_c2_plain,1024,9,2048,1420.532
selected_valid_c2_plain,1024,10,2048,1424.947
selected_valid_c2_plain,1024,11,2048,1421.082
selected_valid_c2_multi,1024,0,2048,1412.699
selected_valid_c2_multi,1024,1,2048,1412.923
selected_valid_c2_multi,1024,2,2048,1411.621
selected_valid_c2_multi,1024,3,2048,1415.243
selected_valid_c2_multi,1024,4,2048,1417.705
selected_valid_c2_multi,1024,5,2048,1419.209
selected_valid_c2_multi,1024,6,2048,1429.362
selected_valid_c2_multi,1024,7,2048,1415.080
selected_valid_c2_multi,1024,8,2048,1417.053
selected_valid_c2_multi,1024,9,2048,1416.605
selected_valid_c2_multi,1024,10,2048,1422.323
selected_valid_c2_multi,1024,11,2048,1415.975
selected_filtered_c2_plain,1024,0,1024,2634.766
selected_filtered_c2_plain,1024,1,1024,2633.220
selected_filtered_c2_plain,1024,2,1024,2654.703
selected_filtered_c2_plain,1024,3,1024,2701.619
selected_filtered_c2_plain,1024,4,1024,2643.962
selected_filtered_c2_plain,1024,5,1024,2630.493
selected_filtered_c2_plain,1024,6,1024,2617.961
selected_filtered_c2_plain,1024,7,1024,2616.252
selected_filtered_c2_plain,1024,8,1024,2630.615
selected_filtered_c2_plain,1024,9,1024,2619.385
selected_filtered_c2_plain,1024,10,1024,2613.729
selected_filtered_c2_plain,1024,11,1024,2613.729
selected_filtered_c2_multi,1024,0,1024,2753.337
selected_filtered_c2_multi,1024,1,1024,2748.494
selected_filtered_c2_multi,1024,2,1024,2767.578
selected_filtered_c2_multi,1024,3,1024,2739.340
selected_filtered_c2_multi,1024,4,1024,2737.346
selected_filtered_c2_multi,1024,5,1024,2740.886
selected_filtered_c2_multi,1024,6,1024,2758.057
selected_filtered_c2_multi,1024,7,1024,2746.948
selected_filtered_c2_multi,1024,8,1024,2744.344
selected_filtered_c2_multi,1024,9,1024,2743.571
selected_filtered_c2_multi,1024,10,1024,2744.954
selected_filtered_c2_multi,1024,11,1024,2753.052
selected_valid_c0_plain,16384,0,128,16047.852
selected_valid_c0_plain,16384,1,128,13826.172
selected_valid_c0_plain,16384,2,128,13838.867
selected_valid_c0_plain,16384,3,128,13819.984
selected_valid_c0_plain,16384,4,128,13821.609
selected_valid_c0_plain,16384,5,128,13929.359
selected_valid_c0_plain,16384,6,128,13821.617
selected_valid_c0_plain,16384,7,128,13833.656
selected_valid_c0_plain,16384,8,128,13818.359
selected_valid_c0_plain,16384,9,128,13817.703
selected_valid_c0_plain,16384,10,128,13820.641
selected_valid_c0_plain,16384,11,128,13819.336
selected_valid_c0_multi,16384,0,256,14246.582
selected_valid_c0_multi,16384,1,256,13959.473
selected_valid_c0_multi,16384,2,256,13951.172
selected_valid_c0_multi,16384,3,256,13986.980
selected_valid_c0_multi,16384,4,256,13926.270
selected_valid_c0_multi,16384,5,256,13926.594
selected_valid_c0_multi,16384,6,256,13932.293
selected_valid_c0_multi,16384,7,256,13922.363
selected_valid_c0_multi,16384,8,256,13964.520
selected_valid_c0_multi,16384,9,256,14001.953
selected_valid_c0_multi,16384,10,256,13937.664
selected_valid_c0_multi,16384,11,256,13841.309
selected_filtered_c0_plain,16384,0,128,27058.266
selected_filtered_c0_plain,16384,1,128,25221.680
selected_filtered_c0_plain,16384,2,128,25236.008
selected_filtered_c0_plain,16384,3,128,25413.734
selected_filtered_c0_plain,16384,4,128,25248.047
selected_filtered_c0_plain,16384,5,128,25243.164
selected_filtered_c0_plain,16384,6,128,25322.594
selected_filtered_c0_plain,16384,7,128,25320.641
selected_filtered_c0_plain,16384,8,128,25243.164
selected_filtered_c0_plain,16384,9,128,25237.633
selected_filtered_c0_plain,16384,10,128,25229.820
selected_filtered_c0_plain,16384,11,128,25102.867
selected_filtered_c0_multi,16384,0,128,24977.211
selected_filtered_c0_multi,16384,1,128,25096.359
selected_filtered_c0_multi,16384,2,128,25290.695
selected_filtered_c0_multi,16384,3,128,25039.062
selected_filtered_c0_multi,16384,4,128,25010.414
selected_filtered_c0_multi,16384,5,128,25026.367
selected_filtered_c0_multi,16384,6,128,24986.984
selected_filtered_c0_multi,16384,7,128,24990.891
selected_filtered_c0_multi,16384,8,128,25078.125
selected_filtered_c0_multi,16384,9,128,25265.945
selected_filtered_c0_multi,16384,10,128,25034.508
selected_filtered_c0_multi,16384,11,128,26346.023
selected_valid_c1_plain,16384,0,256,12875.324
selected_valid_c1_plain,16384,1,256,12921.059
selected_valid_c1_plain,16384,2,256,12890.301
selected_valid_c1_plain,16384,3,256,12881.672
selected_valid_c1_plain,16384,4,256,13012.047
selected_valid_c1_plain,16384,5,256,12729.980
selected_valid_c1_plain,16384,6,256,12872.395
selected_valid_c1_plain,16384,7,256,12893.555
selected_valid_c1_plain,16384,8,256,12248.695
selected_valid_c1_plain,16384,9,256,12268.391
selected_valid_c1_plain,16384,10,256,12395.836
selected_valid_c1_plain,16384,11,256,12274.414
selected_valid_c1_multi,16384,0,256,12838.379
selected_valid_c1_multi,16384,1,256,12613.441
selected_valid_c1_multi,16384,2,256,12653.156
selected_valid_c1_multi,16384,3,256,12612.469
selected_valid_c1_multi,16384,4,256,12675.781
selected_valid_c1_multi,16384,5,256,12625.977
selected_valid_c1_multi,16384,6,256,12639.648
selected_valid_c1_multi,16384,7,256,12613.121
selected_valid_c1_multi,16384,8,256,12628.578
selected_valid_c1_multi,16384,9,256,12623.859
selected_valid_c1_multi,16384,10,256,12680.664
selected_valid_c1_multi,16384,11,256,12695.641
selected_filtered_c1_plain,16384,0,128,19788.734
selected_filtered_c1_plain,16384,1,128,19400.391
selected_filtered_c1_plain,16384,2,128,19394.203
selected_filtered_c1_plain,16384,3,128,19433.594
selected_filtered_c1_plain,16384,4,128,19425.461
selected_filtered_c1_plain,16384,5,128,19404.297
selected_filtered_c1_plain,16384,6,128,19401.367
selected_filtered_c1_plain,16384,7,128,19413.086
selected_filtered_c1_plain,16384,8,128,19807.289
selected_filtered_c1_plain,16384,9,128,19410.156
selected_filtered_c1_plain,16384,10,128,19402.992
selected_filtered_c1_plain,16384,11,128,19406.898
selected_filtered_c1_multi,16384,0,128,19841.797
selected_filtered_c1_multi,16384,1,128,19451.820
selected_filtered_c1_multi,16384,2,128,19586.258
selected_filtered_c1_multi,16384,3,128,19592.453
selected_filtered_c1_multi,16384,4,128,19558.273
selected_filtered_c1_multi,16384,5,128,19528.977
selected_filtered_c1_multi,16384,6,128,19802.078
selected_filtered_c1_multi,16384,7,128,19620.445
selected_filtered_c1_multi,16384,8,128,19507.156
selected_filtered_c1_multi,16384,9,128,19431.312
selected_filtered_c1_multi,16384,10,128,19456.375
selected_filtered_c1_multi,16384,11,128,19572.922
selected_valid_c2_plain,16384,0,128,16116.859
selected_valid_c2_plain,16384,1,128,14073.891
selected_valid_c2_plain,16384,2,128,14030.273
selected_valid_c2_plain,16384,3,128,13907.547
selected_valid_c2_plain,16384,4,128,13905.594
selected_valid_c2_plain,16384,5,128,13912.109
selected_valid_c2_plain,16384,6,128,13944.016
selected_valid_c2_plain,16384,7,128,14359.047
selected_valid_c2_plain,16384,8,128,13870.766
selected_valid_c2_plain,16384,9,128,13869.141
selected_valid_c2_plain,16384,10,128,13879.234
selected_valid_c2_plain,16384,11,128,13875.656
selected_valid_c2_multi,16384,0,128,16084.633
selected_valid_c2_multi,16384,1,128,16078.773
selected_valid_c2_multi,16384,2,128,16064.453
selected_valid_c2_multi,16384,3,128,16048.828
selected_valid_c2_multi,16384,4,128,16100.266
selected_valid_c2_multi,16384,5,128,16049.156
selected_valid_c2_multi,16384,6,128,16069.016
selected_valid_c2_multi,16384,7,128,16049.156
selected_valid_c2_multi,16384,8,128,16308.266
selected_valid_c2_multi,16384,9,128,16064.781
selected_valid_c2_multi,16384,10,128,16037.109
selected_valid_c2_multi,16384,11,128,16066.078
selected_filtered_c2_plain,16384,0,128,21206.055
selected_filtered_c2_plain,16384,1,128,21197.914
selected_filtered_c2_plain,16384,2,128,21210.938
selected_filtered_c2_plain,16384,3,128,21250.328
selected_filtered_c2_plain,16384,4,128,21208.328
selected_filtered_c2_plain,16384,5,128,21221.680
selected_filtered_c2_plain,16384,6,128,21481.117
selected_filtered_c2_plain,16384,7,128,21229.492
selected_filtered_c2_plain,16384,8,128,21218.422
selected_filtered_c2_plain,16384,9,128,21288.406
selected_filtered_c2_plain,16384,10,128,21222.008
selected_filtered_c2_plain,16384,11,128,21469.078
selected_filtered_c2_multi,16384,0,128,21094.727
selected_filtered_c2_multi,16384,1,128,21071.938
selected_filtered_c2_multi,16384,2,128,21084.633
selected_filtered_c2_multi,16384,3,128,21292.969
selected_filtered_c2_multi,16384,4,128,21090.492
selected_filtered_c2_multi,16384,5,128,21083.336
selected_filtered_c2_multi,16384,6,128,21137.695
selected_filtered_c2_multi,16384,7,128,21305.664
selected_filtered_c2_multi,16384,8,128,21188.477
selected_filtered_c2_multi,16384,9,128,21094.727
selected_filtered_c2_multi,16384,10,128,21117.844
selected_filtered_c2_multi,16384,11,128,21121.422
