family,variant,target,collector,rows,shape,scenario,fastest_ns,slowest_ns,median_ns,mean_ns
bool,after,avx2,multiversioned,64,Columns,AllValid,1079.0,8699.0,1173.0,1246.0
bool,after,avx2,multiversioned,64,Columns,NullOnlyFailure,9820.0,19860.0,10080.0,10310.0
bool,after,avx2,multiversioned,64,Columns,ObservableFailure,7975.0,17080.0,8148.0,8392.0
bool,after,avx2,multiversioned,64,Columns,PartialAccepted,1801.0,5865.0,1941.0,2015.0000000000002
bool,after,avx2,multiversioned,64,ConstantLhs,AllValid,1006.0,4778.0,1079.0,1123.0
bool,after,avx2,multiversioned,64,ConstantLhs,NullOnlyFailure,9847.0,20710.0,10090.0,10390.0
bool,after,avx2,multiversioned,64,ConstantLhs,ObservableFailure,7989.0,14670.0,8132.999999999999,8309.0
bool,after,avx2,multiversioned,64,ConstantLhs,PartialAccepted,1864.0,10490.0,2051.0,2150.0
bool,after,avx2,multiversioned,64,ConstantRhs,AllValid,998.5,4426.0,1070.0,1123.0
bool,after,avx2,multiversioned,64,ConstantRhs,NullOnlyFailure,9744.0,18150.0,10040.0,10290.0
bool,after,avx2,multiversioned,64,ConstantRhs,ObservableFailure,7942.0,16900.0,8108.000000000001,8332.0
bool,after,avx2,multiversioned,64,ConstantRhs,PartialAccepted,1857.0,9027.0,2041.0,2116.0
bool,after,avx2,multiversioned,16384,Columns,AllValid,44280.0,60110.0,51570.0,51790.0
bool,after,avx2,multiversioned,16384,Columns,NullOnlyFailure,74470.0,140600.0,81950.0,82130.0
bool,after,avx2,multiversioned,16384,Columns,ObservableFailure,49470.0,68620.0,58540.0,58730.0
bool,after,avx2,multiversioned,16384,Columns,PartialAccepted,44730.0,63800.0,51780.0,51870.0
bool,after,avx2,multiversioned,16384,ConstantLhs,AllValid,42310.0,60280.0,51660.0,51870.0
bool,after,avx2,multiversioned,16384,ConstantLhs,NullOnlyFailure,76450.0,101000.0,85110.0,85420.0
bool,after,avx2,multiversioned,16384,ConstantLhs,ObservableFailure,49400.0,69430.0,58780.0,58980.0
bool,after,avx2,multiversioned,16384,ConstantLhs,PartialAccepted,43530.0,101600.0,52450.0,52210.0
bool,after,avx2,multiversioned,16384,ConstantRhs,AllValid,47250.0,89670.0,51810.0,52090.0
bool,after,avx2,multiversioned,16384,ConstantRhs,NullOnlyFailure,75050.0,131500.0,83610.0,83960.0
bool,after,avx2,multiversioned,16384,ConstantRhs,ObservableFailure,51450.0,69900.0,58900.0,59000.0
bool,after,avx2,multiversioned,16384,ConstantRhs,PartialAccepted,44450.0,62380.0,52160.0,52310.0
bool,after,avx2,plain,64,Columns,AllValid,857.8,7158.0,905.0,939.8
bool,after,avx2,plain,64,Columns,NullOnlyFailure,9719.0,22240.0,10000.0,10250.0
bool,after,avx2,plain,64,Columns,ObservableFailure,7875.0,16170.000000000002,8022.0,8235.0
bool,after,avx2,plain,64,Columns,PartialAccepted,1662.0,5408.0,1779.0,1828.0
bool,after,avx2,plain,64,ConstantLhs,AllValid,851.0,26680.0,898.5,948.8
bool,after,avx2,plain,64,ConstantLhs,NullOnlyFailure,9742.0,19280.0,9994.0,10230.0
bool,after,avx2,plain,64,ConstantLhs,ObservableFailure,7867.0,16570.0,8039.999999999999,8235.0
bool,after,avx2,plain,64,ConstantLhs,PartialAccepted,1647.0,5488.0,1743.0,1794.0
bool,after,avx2,plain,64,ConstantRhs,AllValid,830.5,2594.0,874.5,910.4
bool,after,avx2,plain,64,ConstantRhs,NullOnlyFailure,9702.0,17910.0,9952.0,10290.0
bool,after,avx2,plain,64,ConstantRhs,ObservableFailure,7895.0,25960.0,8029.999999999999,8266.0
bool,after,avx2,plain,64,ConstantRhs,PartialAccepted,1655.0,15220.0,1753.0,1824.0
bool,after,avx2,plain,16384,Columns,AllValid,12260.0,21000.0,12370.0,12700.0
bool,after,avx2,plain,16384,Columns,NullOnlyFailure,42320.0,53000.0,42860.0,43470.0
bool,after,avx2,plain,16384,Columns,ObservableFailure,19200.0,26860.0,19430.0,19810.0
bool,after,avx2,plain,16384,Columns,PartialAccepted,13100.0,82430.0,13300.0,13620.0
bool,after,avx2,plain,16384,ConstantLhs,AllValid,12400.0,20260.0,12500.0,12810.0
bool,after,avx2,plain,16384,ConstantLhs,NullOnlyFailure,46340.0,55550.0,46650.0,47310.0
bool,after,avx2,plain,16384,ConstantLhs,ObservableFailure,19400.0,128000.0,19560.0,20060.0
bool,after,avx2,plain,16384,ConstantLhs,PartialAccepted,13150.0,21110.0,13330.0,13530.0
bool,after,avx2,plain,16384,ConstantRhs,AllValid,12400.0,44970.0,12500.0,12790.0
bool,after,avx2,plain,16384,ConstantRhs,NullOnlyFailure,43870.0,58700.0,44560.0,45280.0
bool,after,avx2,plain,16384,ConstantRhs,ObservableFailure,19360.0,30830.0,19520.0,19820.0
bool,after,avx2,plain,16384,ConstantRhs,PartialAccepted,13140.0,21820.0,13300.0,13540.0
bool,after,avx512,multiversioned,64,Columns,AllValid,1042.0,9362.0,1134.0,1176.0
bool,after,avx512,multiversioned,64,Columns,NullOnlyFailure,9804.0,19400.0,10080.0,10440.0
bool,after,avx512,multiversioned,64,Columns,ObservableFailure,7989.0,15920.0,8141.999999999999,8410.0
bool,after,avx512,multiversioned,64,Columns,PartialAccepted,1879.0,41630.0,2041.0,2206.0
bool,after,avx512,multiversioned,64,ConstantLhs,AllValid,1004.9999999999999,5107.0,1080.0,1143.0
bool,after,avx512,multiversioned,64,ConstantLhs,NullOnlyFailure,9815.0,19870.0,10090.0,10440.0
bool,after,avx512,multiversioned,64,ConstantLhs,ObservableFailure,7967.0,15460.0,8124.000000000001,8297.0
bool,after,avx512,multiversioned,64,ConstantLhs,PartialAccepted,1852.0,8177.0,1987.0,2072.0
bool,after,avx512,multiversioned,64,ConstantRhs,AllValid,987.0,4724.0,1058.0,1112.0
bool,after,avx512,multiversioned,64,ConstantRhs,NullOnlyFailure,9797.0,71180.0,10090.0,10480.0
bool,after,avx512,multiversioned,64,ConstantRhs,ObservableFailure,7914.0,15860.0,8093.999999999999,8296.0
bool,after,avx512,multiversioned,64,ConstantRhs,PartialAccepted,1775.0,4957.0,1884.0,1938.0
bool,after,avx512,multiversioned,16384,Columns,AllValid,42330.0,59300.0,50480.0,50430.0
bool,after,avx512,multiversioned,16384,Columns,NullOnlyFailure,72540.0,101800.0,80750.0,80880.0
bool,after,avx512,multiversioned,16384,Columns,ObservableFailure,49330.0,200200.0,57220.0,57440.0
bool,after,avx512,multiversioned,16384,Columns,PartialAccepted,43270.0,67730.0,50740.0,50820.0
bool,after,avx512,multiversioned,16384,ConstantLhs,AllValid,42160.0,58320.0,49440.0,49390.0
bool,after,avx512,multiversioned,16384,ConstantLhs,NullOnlyFailure,74180.0,125000.0,82070.0,82070.0
bool,after,avx512,multiversioned,16384,ConstantLhs,ObservableFailure,49170.0,68720.0,56720.0,56600.0
bool,after,avx512,multiversioned,16384,ConstantLhs,PartialAccepted,42950.0,60010.0,50170.0,50090.0
bool,after,avx512,multiversioned,16384,ConstantRhs,AllValid,43970.0,65170.0,51080.0,51230.0
bool,after,avx512,multiversioned,16384,ConstantRhs,NullOnlyFailure,77220.0,98810.0,83600.0,84200.0
bool,after,avx512,multiversioned,16384,ConstantRhs,ObservableFailure,51420.0,77280.0,58460.0,58630.0
bool,after,avx512,multiversioned,16384,ConstantRhs,PartialAccepted,43020.0,67480.0,52130.0,52080.0
bool,after,avx512,plain,64,Columns,AllValid,835.3,4610.0,885.0,920.6
bool,after,avx512,plain,64,Columns,NullOnlyFailure,9652.0,17090.0,9907.0,10160.0
bool,after,avx512,plain,64,Columns,ObservableFailure,7781.0,17250.0,7944.0,8137.0
bool,after,avx512,plain,64,Columns,PartialAccepted,1682.0,6116.0,1793.0,1842.0
bool,after,avx512,plain,64,ConstantLhs,AllValid,839.0,2555.0,880.0,906.9
bool,after,avx512,plain,64,ConstantLhs,NullOnlyFailure,9517.0,17650.0,9826.0,10070.0
bool,after,avx512,plain,64,ConstantLhs,ObservableFailure,7790.0,15940.0,7944.0,8129.0
bool,after,avx512,plain,64,ConstantLhs,PartialAccepted,1707.0,9306.0,1835.0,1920.0
bool,after,avx512,plain,64,ConstantRhs,AllValid,810.8,2613.0,855.0,881.7
bool,after,avx512,plain,64,ConstantRhs,NullOnlyFailure,9646.0,19140.0,9933.0,10210.0
bool,after,avx512,plain,64,ConstantRhs,ObservableFailure,7803.0,16020.0,7967.0,8193.0
bool,after,avx512,plain,64,ConstantRhs,PartialAccepted,1704.0,9958.0,1845.0,1918.0
bool,after,avx512,plain,16384,Columns,AllValid,4818.0,14500.0,4947.0,5633.0
bool,after,avx512,plain,16384,Columns,NullOnlyFailure,34850.0,45400.0,35900.0,36600.0
bool,after,avx512,plain,16384,Columns,ObservableFailure,11770.0,21290.0,11990.0,12800.0
bool,after,avx512,plain,16384,Columns,PartialAccepted,5617.0,16140.0,5808.0,6419.0
bool,after,avx512,plain,16384,ConstantLhs,AllValid,4163.0,12910.0,4249.0,4440.0
bool,after,avx512,plain,16384,ConstantLhs,NullOnlyFailure,35990.0,52450.0,37620.0,37930.0
bool,after,avx512,plain,16384,ConstantLhs,ObservableFailure,11100.0,20180.0,11270.0,11710.0
bool,after,avx512,plain,16384,ConstantLhs,PartialAccepted,4932.0,49420.0,5061.0,5467.0
bool,after,avx512,plain,16384,ConstantRhs,AllValid,4133.0,13720.0,4248.0,4488.0
bool,after,avx512,plain,16384,ConstantRhs,NullOnlyFailure,35730.0,47410.0,37360.0,37800.0
bool,after,avx512,plain,16384,ConstantRhs,ObservableFailure,11050.0,20540.0,11240.0,11500.0
bool,after,avx512,plain,16384,ConstantRhs,PartialAccepted,4909.0,14070.0,5071.0,5345.0
bool,after,neon,multiversioned,64,Columns,AllValid,936.6,5816.0,1032.0,1058.0
bool,after,neon,multiversioned,64,Columns,NullOnlyFailure,14030.0,24300.0,14720.0,15100.0
bool,after,neon,multiversioned,64,Columns,ObservableFailure,11980.0,27220.0,12240.0,12370.0
bool,after,neon,multiversioned,64,Columns,PartialAccepted,2058.0,5377.0,2247.0,2291.0
bool,after,neon,multiversioned,64,ConstantLhs,AllValid,864.6,2935.0,949.1,971.3
bool,after,neon,multiversioned,64,ConstantLhs,NullOnlyFailure,13960.0,22940.0,14650.0,15120.0
bool,after,neon,multiversioned,64,ConstantLhs,ObservableFailure,11910.0,18290.0,12210.0,12380.0
bool,after,neon,multiversioned,64,ConstantLhs,PartialAccepted,1772.0,4112.0,1891.0,1925.0
bool,after,neon,multiversioned,64,ConstantRhs,AllValid,841.8,2100.0,887.3,901.0
bool,after,neon,multiversioned,64,ConstantRhs,NullOnlyFailure,14110.0,26570.0,14610.0,15000.0
bool,after,neon,multiversioned,64,ConstantRhs,ObservableFailure,11910.0,17820.0,12220.0,12380.0
bool,after,neon,multiversioned,64,ConstantRhs,PartialAccepted,1961.0,13030.0,2159.0,2217.0
bool,after,neon,multiversioned,16384,Columns,AllValid,10350.0,16030.000000000002,11470.0,11460.0
bool,after,neon,multiversioned,16384,Columns,NullOnlyFailure,50150.0,106700.0,51720.0,52370.0
bool,after,neon,multiversioned,16384,Columns,ObservableFailure,21710.0,38680.0,23130.0,23240.0
bool,after,neon,multiversioned,16384,Columns,PartialAccepted,11550.0,17310.0,12550.0,12600.0
bool,after,neon,multiversioned,16384,ConstantLhs,AllValid,7065.0,12470.0,8137.0,8098.000000000001
bool,after,neon,multiversioned,16384,ConstantLhs,NullOnlyFailure,47850.0,70820.0,49160.0,49630.0
bool,after,neon,multiversioned,16384,ConstantLhs,ObservableFailure,18340.0,25250.0,19170.0,19320.0
bool,after,neon,multiversioned,16384,ConstantLhs,PartialAccepted,8061.0,13700.0,8951.0,9028.0
bool,after,neon,multiversioned,16384,ConstantRhs,AllValid,7085.0,13210.0,7942.0,7918.0
bool,after,neon,multiversioned,16384,ConstantRhs,NullOnlyFailure,47080.0,68560.0,48740.0,49330.0
bool,after,neon,multiversioned,16384,ConstantRhs,ObservableFailure,18240.0,35110.0,19010.0,19210.0
bool,after,neon,multiversioned,16384,ConstantRhs,PartialAccepted,8173.0,16700.0,8798.0,8910.0
bool,after,neon,plain,64,Columns,AllValid,895.8,2024.0,962.1,978.9
bool,after,neon,plain,64,Columns,NullOnlyFailure,14200.0,26580.0,14790.0,15220.0
bool,after,neon,plain,64,Columns,ObservableFailure,12120.0,18270.0,12400.0,12540.0
bool,after,neon,plain,64,Columns,PartialAccepted,2107.0,6398.0,2274.0,2316.0
bool,after,neon,plain,64,ConstantLhs,AllValid,868.8,2216.0,924.6,939.0
bool,after,neon,plain,64,ConstantLhs,NullOnlyFailure,14140.0,44570.0,14740.0,15230.0
bool,after,neon,plain,64,ConstantLhs,ObservableFailure,12150.0,18450.0,12410.0,12510.0
bool,after,neon,plain,64,ConstantLhs,PartialAccepted,2005.9999999999998,7281.0,2170.0,2212.0
bool,after,neon,plain,64,ConstantRhs,AllValid,863.6,1880.0,920.6,933.6
bool,after,neon,plain,64,ConstantRhs,NullOnlyFailure,14130.0,21210.0,14680.0,15110.0
bool,after,neon,plain,64,ConstantRhs,ObservableFailure,12110.0,18220.0,12410.0,12530.0
bool,after,neon,plain,64,ConstantRhs,PartialAccepted,1967.0,8465.0,2225.0,2264.0
bool,after,neon,plain,16384,Columns,AllValid,8831.0,14770.0,9438.0,9684.0
bool,after,neon,plain,16384,Columns,NullOnlyFailure,48560.0,66120.0,50740.0,51320.0
bool,after,neon,plain,16384,Columns,ObservableFailure,20130.0,28720.0,21430.0,21500.0
bool,after,neon,plain,16384,Columns,PartialAccepted,9911.0,18020.0,10990.0,11120.0
bool,after,neon,plain,16384,ConstantLhs,AllValid,7172.0,14750.0,8260.0,8224.0
bool,after,neon,plain,16384,ConstantLhs,NullOnlyFailure,47740.0,56930.0,49120.0,49620.0
bool,after,neon,plain,16384,ConstantLhs,ObservableFailure,18300.0,24710.0,19160.0,19420.0
bool,after,neon,plain,16384,ConstantLhs,PartialAccepted,8127.000000000001,14290.0,9195.0,9246.0
bool,after,neon,plain,16384,ConstantRhs,AllValid,6707.0,17870.0,7622.0,7645.0
bool,after,neon,plain,16384,ConstantRhs,NullOnlyFailure,46840.0,65379.99999999999,48240.0,48800.0
bool,after,neon,plain,16384,ConstantRhs,ObservableFailure,17800.0,25160.0,18800.0,18970.0
bool,after,neon,plain,16384,ConstantRhs,PartialAccepted,7716.0,13440.0,8617.0,8677.0
bool,before,avx2,multiversioned,64,Columns,AllValid,1030.0,8434.0,1152.0,1182.0
bool,before,avx2,multiversioned,64,Columns,NullOnlyFailure,9569.0,18530.0,9873.0,10230.0
bool,before,avx2,multiversioned,64,Columns,ObservableFailure,7933.0,17390.0,8090.999999999999,8330.0
bool,before,avx2,multiversioned,64,Columns,PartialAccepted,1785.0,40670.0,2003.0,2117.0
bool,before,avx2,multiversioned,64,ConstantLhs,AllValid,970.5,4583.0,1055.0,1102.0
bool,before,avx2,multiversioned,64,ConstantLhs,NullOnlyFailure,9793.0,17990.0,10040.0,10400.0
bool,before,avx2,multiversioned,64,ConstantLhs,ObservableFailure,7984.0,40400.0,8143.000000000001,8446.0
bool,before,avx2,multiversioned,64,ConstantLhs,PartialAccepted,1852.0,9673.0,2104.0,2186.0
bool,before,avx2,multiversioned,64,ConstantRhs,AllValid,944.5,4586.0,1045.0,1087.0
bool,before,avx2,multiversioned,64,ConstantRhs,NullOnlyFailure,9727.0,17680.0,9990.0,10320.0
bool,before,avx2,multiversioned,64,ConstantRhs,ObservableFailure,7901.0,15660.0,8103.999999999999,8272.0
bool,before,avx2,multiversioned,64,ConstantRhs,PartialAccepted,1860.0,8821.0,2094.0,2163.0
bool,before,avx2,multiversioned,16384,Columns,AllValid,27780.0,56300.0,33810.0,37280.0
bool,before,avx2,multiversioned,16384,Columns,NullOnlyFailure,42890.0,190300.0,43480.0,44210.0
bool,before,avx2,multiversioned,16384,Columns,ObservableFailure,34750.0,98340.0,38810.0,43670.0
bool,before,avx2,multiversioned,16384,Columns,PartialAccepted,14010.0,22550.0,14220.0,14470.0
bool,before,avx2,multiversioned,16384,ConstantLhs,AllValid,27780.0,79230.0,51120.0,48610.0
bool,before,avx2,multiversioned,16384,ConstantLhs,NullOnlyFailure,59970.0,69810.0,60380.0,61200.0
bool,before,avx2,multiversioned,16384,ConstantLhs,ObservableFailure,33370.0,99960.0,35620.0,45220.0
bool,before,avx2,multiversioned,16384,ConstantLhs,PartialAccepted,29320.0,55020.0,29530.0,30110.0
bool,before,avx2,multiversioned,16384,ConstantRhs,AllValid,27530.0,59650.0,38820.0,39990.0
bool,before,avx2,multiversioned,16384,ConstantRhs,NullOnlyFailure,56840.0,68690.0,57320.0,58170.0
bool,before,avx2,multiversioned,16384,ConstantRhs,ObservableFailure,34530.0,65489.99999999999,35460.0,40550.0
bool,before,avx2,multiversioned,16384,ConstantRhs,PartialAccepted,25950.0,59380.0,26170.0,26640.0
bool,before,avx2,plain,64,Columns,AllValid,861.5,2574.0,913.0,934.3
bool,before,avx2,plain,64,Columns,NullOnlyFailure,9671.0,52130.0,9974.0,10270.0
bool,before,avx2,plain,64,Columns,ObservableFailure,7851.0,15850.0,8026.999999999999,8198.0
bool,before,avx2,plain,64,Columns,PartialAccepted,1724.0,58760.0,1856.0,1967.0
bool,before,avx2,plain,64,ConstantLhs,AllValid,858.8,3027.0,910.8,975.4
bool,before,avx2,plain,64,ConstantLhs,NullOnlyFailure,9790.0,49290.0,10070.0,10340.0
bool,before,avx2,plain,64,ConstantLhs,ObservableFailure,7832.0,16260.000000000002,8023.0,8204.0
bool,before,avx2,plain,64,ConstantLhs,PartialAccepted,1867.0,8325.0,2115.0,2209.0
bool,before,avx2,plain,64,ConstantRhs,AllValid,832.5,2827.0,880.7,911.2
bool,before,avx2,plain,64,ConstantRhs,NullOnlyFailure,9785.0,61760.0,10040.0,10370.0
bool,before,avx2,plain,64,ConstantRhs,ObservableFailure,7846.0,15920.0,8044.000000000001,8197.0
bool,before,avx2,plain,64,ConstantRhs,PartialAccepted,1887.0,20890.0,2112.0,2202.0
bool,before,avx2,plain,16384,Columns,AllValid,12260.0,19990.0,12390.0,12650.0
bool,before,avx2,plain,16384,Columns,NullOnlyFailure,43110.0,55430.0,43640.0,44270.0
bool,before,avx2,plain,16384,Columns,ObservableFailure,19240.0,32460.0,19440.0,19830.0
bool,before,avx2,plain,16384,Columns,PartialAccepted,13980.0,23230.0,14200.0,14560.0
bool,before,avx2,plain,16384,ConstantLhs,AllValid,12370.0,19760.0,12500.0,12720.0
bool,before,avx2,plain,16384,ConstantLhs,NullOnlyFailure,60250.0,171400.0,60710.0,61770.0
bool,before,avx2,plain,16384,ConstantLhs,ObservableFailure,19290.0,29300.0,19490.0,19890.0
bool,before,avx2,plain,16384,ConstantLhs,PartialAccepted,29330.0,39230.0,29560.0,30080.0
bool,before,avx2,plain,16384,ConstantRhs,AllValid,12350.0,19930.0,12490.0,12730.0
bool,before,avx2,plain,16384,ConstantRhs,NullOnlyFailure,56870.0,125900.0,57260.0,58270.0
bool,before,avx2,plain,16384,ConstantRhs,ObservableFailure,19270.0,28630.0,19490.0,19860.0
bool,before,avx2,plain,16384,ConstantRhs,PartialAccepted,25930.0,40190.0,26140.0,26610.0
bool,before,avx512,multiversioned,64,Columns,AllValid,895.5,26010.0,1006.0,1134.0
bool,before,avx512,multiversioned,64,Columns,NullOnlyFailure,9564.0,19690.0,9823.0,10140.0
bool,before,avx512,multiversioned,64,Columns,ObservableFailure,7755.0,54540.0,7909.0,8148.0
bool,before,avx512,multiversioned,64,Columns,PartialAccepted,1760.0,8439.0,1929.0,2004.0
bool,before,avx512,multiversioned,64,ConstantLhs,AllValid,825.8,2884.0,870.3,911.3
bool,before,avx512,multiversioned,64,ConstantLhs,NullOnlyFailure,9704.0,20400.0,9979.0,10320.0
bool,before,avx512,multiversioned,64,ConstantLhs,ObservableFailure,7758.0,15890.0,7942.0,8256.0
bool,before,avx512,multiversioned,64,ConstantLhs,PartialAccepted,1866.0,29540.0,2028.0,2123.0
bool,before,avx512,multiversioned,64,ConstantRhs,AllValid,803.0,2973.0,847.8,884.6
bool,before,avx512,multiversioned,64,ConstantRhs,NullOnlyFailure,9764.0,18610.0,10010.0,10210.0
bool,before,avx512,multiversioned,64,ConstantRhs,ObservableFailure,7748.0,15630.0,7935.0,8135.0
bool,before,avx512,multiversioned,64,ConstantRhs,PartialAccepted,1891.0,9897.0,2041.0,2112.0
bool,before,avx512,multiversioned,16384,Columns,AllValid,4799.0,85620.0,4913.0,5696.0
bool,before,avx512,multiversioned,16384,Columns,NullOnlyFailure,34370.0,190900.0,34870.0,35670.0
bool,before,avx512,multiversioned,16384,Columns,ObservableFailure,11700.0,21880.0,13090.0,12720.0
bool,before,avx512,multiversioned,16384,Columns,PartialAccepted,5443.0,12770.0,5611.0,5727.0
bool,before,avx512,multiversioned,16384,ConstantLhs,AllValid,4148.0,12540.0,4241.0,4511.0
bool,before,avx512,multiversioned,16384,ConstantLhs,NullOnlyFailure,58610.0,72760.0,62450.0,62010.0
bool,before,avx512,multiversioned,16384,ConstantLhs,ObservableFailure,11040.0,20340.0,11230.0,11530.0
bool,before,avx512,multiversioned,16384,ConstantLhs,PartialAccepted,25930.0,37390.0,29460.0,28940.0
bool,before,avx512,multiversioned,16384,ConstantRhs,AllValid,4137.0,41480.0,4225.0,4575.0
bool,before,avx512,multiversioned,16384,ConstantRhs,NullOnlyFailure,56590.0,118800.0,57400.0,58470.0
bool,before,avx512,multiversioned,16384,ConstantRhs,ObservableFailure,11020.0,62020.0,11200.0,11680.0
bool,before,avx512,multiversioned,16384,ConstantRhs,PartialAccepted,25910.0,36480.0,26100.0,26540.0
bool,before,avx512,plain,64,Columns,AllValid,837.8,2934.0,900.3,924.3
bool,before,avx512,plain,64,Columns,NullOnlyFailure,9591.0,47570.0,9883.0,10240.0
bool,before,avx512,plain,64,Columns,ObservableFailure,7802.0,17280.0,8000.999999999999,8244.0
bool,before,avx512,plain,64,Columns,PartialAccepted,1717.0,5568.0,1827.0,1882.0
bool,before,avx512,plain,64,ConstantLhs,AllValid,838.5,2902.0,881.8,912.2
bool,before,avx512,plain,64,ConstantLhs,NullOnlyFailure,9719.0,118600.0,10050.0,10480.0
bool,before,avx512,plain,64,ConstantLhs,ObservableFailure,7803.0,15560.0,7988.0,8245.0
bool,before,avx512,plain,64,ConstantLhs,PartialAccepted,1894.0,9099.0,2037.0,2089.0
bool,before,avx512,plain,64,ConstantRhs,AllValid,810.8,2747.0,854.5,887.3
bool,before,avx512,plain,64,ConstantRhs,NullOnlyFailure,9732.0,19780.0,10010.0,10340.0
bool,before,avx512,plain,64,ConstantRhs,ObservableFailure,7733.0,31790.0,7936.0,8295.0
bool,before,avx512,plain,64,ConstantRhs,PartialAccepted,1878.0,8938.0,2021.0,2103.0
bool,before,avx512,plain,16384,Columns,AllValid,4817.0,14140.0,4935.0,5471.0
bool,before,avx512,plain,16384,Columns,NullOnlyFailure,34490.0,44600.0,34950.0,35520.0
bool,before,avx512,plain,16384,Columns,ObservableFailure,11750.0,21040.0,12030.0,12710.0
bool,before,avx512,plain,16384,Columns,PartialAccepted,5442.0,83540.0,5621.0,5892.0
bool,before,avx512,plain,16384,ConstantLhs,AllValid,4162.0,13670.0,4263.0,4498.0
bool,before,avx512,plain,16384,ConstantLhs,NullOnlyFailure,58660.0,72410.0,62450.0,61830.0
bool,before,avx512,plain,16384,ConstantLhs,ObservableFailure,11100.0,61530.0,11280.0,11650.0
bool,before,avx512,plain,16384,ConstantLhs,PartialAccepted,25940.0,39240.0,29440.0,29080.0
bool,before,avx512,plain,16384,ConstantRhs,AllValid,4126.0,11900.0,4229.0,4443.0
bool,before,avx512,plain,16384,ConstantRhs,NullOnlyFailure,56590.0,162400.0,57110.0,58100.0
bool,before,avx512,plain,16384,ConstantRhs,ObservableFailure,11030.0,61560.0,11230.0,11520.0
bool,before,avx512,plain,16384,ConstantRhs,PartialAccepted,25940.0,35360.0,26100.0,26580.0
bool,before,neon,multiversioned,64,Columns,AllValid,865.6,4576.0,1048.0,1064.0
bool,before,neon,multiversioned,64,Columns,NullOnlyFailure,13900.0,30400.0,14560.0,14820.0
bool,before,neon,multiversioned,64,Columns,ObservableFailure,11900.0,17720.0,12160.0,12300.0
bool,before,neon,multiversioned,64,Columns,PartialAccepted,1829.0,5356.0,1995.0,2040.0
bool,before,neon,multiversioned,64,ConstantLhs,AllValid,820.6,4507.0,878.9,899.2
bool,before,neon,multiversioned,64,ConstantLhs,NullOnlyFailure,13960.0,21230.0,14340.0,14630.0
bool,before,neon,multiversioned,64,ConstantLhs,ObservableFailure,11840.0,16430.0,12130.0,12270.0
bool,before,neon,multiversioned,64,ConstantLhs,PartialAccepted,1740.0,3759.0,1848.0,1875.0
bool,before,neon,multiversioned,64,ConstantRhs,AllValid,840.1,3197.0,918.1,939.7
bool,before,neon,multiversioned,64,ConstantRhs,NullOnlyFailure,13910.0,27570.0,14280.0,14660.0
bool,before,neon,multiversioned,64,ConstantRhs,ObservableFailure,11850.0,31680.0,12100.0,12290.0
bool,before,neon,multiversioned,64,ConstantRhs,PartialAccepted,1838.0,7568.0,1992.0,2035.0000000000002
bool,before,neon,multiversioned,16384,Columns,AllValid,10160.0,17200.0,10990.0,11180.0
bool,before,neon,multiversioned,16384,Columns,NullOnlyFailure,46900.0,104900.0,48540.0,49230.0
bool,before,neon,multiversioned,16384,Columns,ObservableFailure,21340.0,29450.0,22560.0,22690.0
bool,before,neon,multiversioned,16384,Columns,PartialAccepted,9162.0,17230.0,9801.0,10050.0
bool,before,neon,multiversioned,16384,ConstantLhs,AllValid,6824.0,12290.0,7690.0,7688.0
bool,before,neon,multiversioned,16384,ConstantLhs,NullOnlyFailure,60290.0,74110.0,61090.0,62160.0
bool,before,neon,multiversioned,16384,ConstantLhs,ObservableFailure,17910.0,30770.0,19110.0,19250.0
bool,before,neon,multiversioned,16384,ConstantLhs,PartialAccepted,21630.0,27330.0,21830.0,22030.0
bool,before,neon,multiversioned,16384,ConstantRhs,AllValid,6918.0,13440.0,7610.0,7611.0
bool,before,neon,multiversioned,16384,ConstantRhs,NullOnlyFailure,60160.0,72460.0,60970.0,61840.0
bool,before,neon,multiversioned,16384,ConstantRhs,ObservableFailure,17940.0,24870.0,18940.0,19020.0
bool,before,neon,multiversioned,16384,ConstantRhs,PartialAccepted,21920.0,37200.0,22290.0,22530.0
bool,before,neon,plain,64,Columns,AllValid,842.8,2065.0,898.9,906.9
bool,before,neon,plain,64,Columns,NullOnlyFailure,13750.0,26420.0,14230.0,14530.0
bool,before,neon,plain,64,Columns,ObservableFailure,11860.0,18170.0,12140.0,12260.0
bool,before,neon,plain,64,Columns,PartialAccepted,1818.0,6947.0,1981.0,2017.0
bool,before,neon,plain,64,ConstantLhs,AllValid,825.3,1869.0,875.7,888.5
bool,before,neon,plain,64,ConstantLhs,NullOnlyFailure,13800.0,20440.0,14200.0,14500.0
bool,before,neon,plain,64,ConstantLhs,ObservableFailure,11850.0,48110.0,12080.0,12240.0
bool,before,neon,plain,64,ConstantLhs,PartialAccepted,1870.0,5085.0,2008.0,2039.0000000000002
bool,before,neon,plain,64,ConstantRhs,AllValid,811.1,1755.0,864.8,883.2
bool,before,neon,plain,64,ConstantRhs,NullOnlyFailure,13820.0,34070.0,14210.0,14510.0
bool,before,neon,plain,64,ConstantRhs,ObservableFailure,11830.0,17440.0,12060.0,12250.0
bool,before,neon,plain,64,ConstantRhs,PartialAccepted,1862.0,5759.0,2001.9999999999998,2041.0
bool,before,neon,plain,16384,Columns,AllValid,8697.0,16070.0,9617.0,9754.0
bool,before,neon,plain,16384,Columns,NullOnlyFailure,47190.0,59360.0,48660.0,49210.0
bool,before,neon,plain,16384,Columns,ObservableFailure,19940.0,35710.0,20960.0,21150.0
bool,before,neon,plain,16384,Columns,PartialAccepted,9257.0,15460.0,10130.0,10280.0
bool,before,neon,plain,16384,ConstantLhs,AllValid,6887.0,23500.0,7518.0,7668.0
bool,before,neon,plain,16384,ConstantLhs,NullOnlyFailure,60370.0,77490.0,61130.0,62290.0
bool,before,neon,plain,16384,ConstantLhs,ObservableFailure,17860.0,25820.0,19120.0,19190.0
bool,before,neon,plain,16384,ConstantLhs,PartialAccepted,21680.0,28970.0,21870.0,22100.0
bool,before,neon,plain,16384,ConstantRhs,AllValid,6407.0,11780.0,7148.0,7244.0
bool,before,neon,plain,16384,ConstantRhs,NullOnlyFailure,60160.0,71270.0,61070.0,61830.0
bool,before,neon,plain,16384,ConstantRhs,ObservableFailure,17560.0,38090.0,18530.0,18660.0
bool,before,neon,plain,16384,ConstantRhs,PartialAccepted,21990.0,28300.0,22290.0,22480.0
utf8,after,avx2,decode,1,External,AllValid,189.5,6782.0,208.5,241.9
utf8,after,avx2,decode,1,External,OneNullInEight,164.5,5604.0,174.5,194.4
utf8,after,avx2,decode,1,Inline,AllValid,105.1,319.5,107.4,110.6
utf8,after,avx2,decode,1,Inline,OneNullInEight,126.9,602.7,131.2,136.0
utf8,after,avx2,decode,64,External,AllValid,1592.0,23860.0,1649.0,1748.0
utf8,after,avx2,decode,64,External,OneNullInEight,1726.0,29660.0,1784.0,1898.0
utf8,after,avx2,decode,64,Inline,AllValid,889.5,2669.0,914.5,952.9
utf8,after,avx2,decode,64,Inline,OneNullInEight,1109.0,4969.0,1128.0,1182.0
utf8,after,avx2,decode,16384,External,AllValid,317300.0,389400.0,364500.0,361900.0
utf8,after,avx2,decode,16384,External,OneNullInEight,270300.0,353300.0,319200.0,319300.0
utf8,after,avx2,decode,16384,Inline,AllValid,199700.0,245900.0,205000.0,207000.0
utf8,after,avx2,decode,16384,Inline,OneNullInEight,178100.0,256700.0,190000.0,191700.0
utf8,after,avx512,decode,1,External,AllValid,192.5,9387.0,286.5,313.0
utf8,after,avx512,decode,1,External,OneNullInEight,157.5,7206.0,204.5,235.3
utf8,after,avx512,decode,1,Inline,AllValid,127.5,7227.0,155.0,184.3
utf8,after,avx512,decode,1,Inline,OneNullInEight,125.2,330.2,128.7,132.5
utf8,after,avx512,decode,64,External,AllValid,1600.0,16070.0,1704.0,1799.0
utf8,after,avx512,decode,64,External,OneNullInEight,1788.0,24100.0,1874.0,1974.0
utf8,after,avx512,decode,64,Inline,AllValid,956.8,2667.0,998.3,1040.0
utf8,after,avx512,decode,64,Inline,OneNullInEight,1155.0,4682.0,1197.0,1238.0
utf8,after,avx512,decode,16384,External,AllValid,337900.0,385900.0,352400.0,351400.0
utf8,after,avx512,decode,16384,External,OneNullInEight,314700.0,370100.0,326200.0,326300.0
utf8,after,avx512,decode,16384,Inline,AllValid,211800.0,439700.0,225500.0,227400.0
utf8,after,avx512,decode,16384,Inline,OneNullInEight,195900.0,240500.0,207800.0,207300.0
utf8,after,neon,decode,1,External,AllValid,212.6,14900.0,254.6,269.2
utf8,after,neon,decode,1,External,OneNullInEight,201.6,4766.0,221.6,232.2
utf8,after,neon,decode,1,Inline,AllValid,111.6,243.2,119.8,120.6
utf8,after,neon,decode,1,Inline,OneNullInEight,120.3,258.1,129.6,130.9
utf8,after,neon,decode,64,External,AllValid,1031.0,2089.0,1054.0,1067.0
utf8,after,neon,decode,64,External,OneNullInEight,1384.0,20250.0,1434.0,1491.0
utf8,after,neon,decode,64,Inline,AllValid,543.4,1172.0,561.8,571.6
utf8,after,neon,decode,64,Inline,OneNullInEight,833.6,1824.0,859.3,869.8
utf8,after,neon,decode,16384,External,AllValid,218200.0,232100.0,221800.0,223000.0
utf8,after,neon,decode,16384,External,OneNullInEight,224400.0,245400.0,228800.0,229500.0
utf8,after,neon,decode,16384,Inline,AllValid,107300.0,133500.0,107300.0,108100.0
utf8,after,neon,decode,16384,Inline,OneNullInEight,119900.0,145200.0,121000.0,121800.0
utf8,before,avx2,decode,1,External,AllValid,495.5,10980.0,572.5,622.2
utf8,before,avx2,decode,1,External,OneNullInEight,507.3,2121.0,537.9,565.6
utf8,before,avx2,decode,1,Inline,AllValid,357.5,1320.0,374.2,393.0
utf8,before,avx2,decode,1,Inline,OneNullInEight,509.3,2199.0,540.5,561.1
utf8,before,avx2,decode,64,External,AllValid,1900.0,10320.0,1975.0,2055.0
utf8,before,avx2,decode,64,External,OneNullInEight,2093.0,24580.0,2206.0,2318.0
utf8,before,avx2,decode,64,Inline,AllValid,1181.0,4700.0,1248.0,1299.0
utf8,before,avx2,decode,64,Inline,OneNullInEight,1497.0,21670.0,1590.0,1747.0
utf8,before,avx2,decode,16384,External,AllValid,331600.0,365900.0,352100.0,350700.0
utf8,before,avx2,decode,16384,External,OneNullInEight,294000.0,363600.0,311800.0,311600.0
utf8,before,avx2,decode,16384,Inline,AllValid,205200.0,407600.0,212100.0,213800.0
utf8,before,avx2,decode,16384,Inline,OneNullInEight,183600.0,213700.0,195500.0,197000.0
utf8,before,avx512,decode,1,External,AllValid,509.5,14890.0,589.5,608.2
utf8,before,avx512,decode,1,External,OneNullInEight,598.5,7567.0,677.5,708.6
utf8,before,avx512,decode,1,Inline,AllValid,375.7,1511.0,394.7,419.4
utf8,before,avx512,decode,1,Inline,OneNullInEight,556.0,2287.0,579.8,608.3
utf8,before,avx512,decode,64,External,AllValid,1948.0,8284.0,2054.0,2150.0
utf8,before,avx512,decode,64,External,OneNullInEight,2163.0,26710.0,2286.0,2375.0
utf8,before,avx512,decode,64,Inline,AllValid,1178.0,4614.0,1224.0,1283.0
utf8,before,avx512,decode,64,Inline,OneNullInEight,1505.0,8148.999999999999,1594.0,1666.0
utf8,before,avx512,decode,16384,External,AllValid,288500.0,576000.0,364700.0,362200.0
utf8,before,avx512,decode,16384,External,OneNullInEight,272300.0,380500.0,330600.0,327900.0
utf8,before,avx512,decode,16384,Inline,AllValid,192000.0,219800.0,198500.0,200700.0
utf8,before,avx512,decode,16384,Inline,OneNullInEight,181900.0,419700.0,190400.0,192400.0
utf8,before,neon,decode,1,External,AllValid,500.6,20120.0,535.6,566.0
utf8,before,neon,decode,1,External,OneNullInEight,599.6,6824.0,645.6,673.8
utf8,before,neon,decode,1,Inline,AllValid,394.6,1088.0,412.8,419.4
utf8,before,neon,decode,1,Inline,OneNullInEight,566.9,1022.9999999999999,602.4,609.7
utf8,before,neon,decode,64,External,AllValid,1345.0,3512.0,1402.0,1424.0
utf8,before,neon,decode,64,External,OneNullInEight,1743.0,18200.0,1824.0,1890.0
utf8,before,neon,decode,64,Inline,AllValid,808.8,2261.0,842.1,863.3
utf8,before,neon,decode,64,Inline,OneNullInEight,1205.0,4480.0,1284.0,1311.0
utf8,before,neon,decode,16384,External,AllValid,219700.0,253700.0,221600.0,223000.0
utf8,before,neon,decode,16384,External,OneNullInEight,228300.0,254800.0,230100.0,231500.0
utf8,before,neon,decode,16384,Inline,AllValid,107600.0,128100.0,107600.0,108400.0
utf8,before,neon,decode,16384,Inline,OneNullInEight,122400.0,139800.0,123600.0,124100.0
